[
    {
        "id": 1,
        "category": "Sedan",
        "availability": "Y",
        "brand": "Toyota",
        "model": "Camry",
        "model_year": 2013,
        "mileage": 15000,
        "fuel_type": "Petrol",
        "seats": 5,
        "price_per_day": 120,
        "description": "The Toyota Camry is an automobile sold internationally by the Japanese auto manufacturer Toyota since 1982, spanning multiple generations."
    },
    {
        "id": 2,
        "category": "SUV",
        "availability": "Y",
        "brand": "Nissan",
        "model": "X-trail",
        "model_year": 2015,
        "mileage": 25000,
        "fuel_type": "Petrol",
        "seats": 7,
        "price_per_day": 150,
        "description": "The Nissan X-Trail is a compact crossover SUV (C-segment) produced by the Japanese automaker Nissan since 2000."
    },
    {
        "id": 3,
        "category": "Sedan",
        "availability": "N",
        "brand": "BMW",
        "model": "320i",
        "model_year": 2016,
        "mileage": 17000,
        "fuel_type": "Petrol",
        "seats": 5,
        "price_per_day": 220,
        "description": "The BMW E21 is the first generation of the BMW 3 Series compact executive cars, which were produced from June 1975 to 1983 and replaced the BMW 02 Series."
    },
    {
        "id": 4,
        "category": "SUV",
        "availability": "Y",
        "brand": "Holden",
        "model": "Captiva",
        "model_year": 2017,
        "mileage": 14000,
        "fuel_type": "Petrol",
        "seats": 5,
        "price_per_day": 165,
        "description": "The Holden Captiva is a crossover SUV that was produced from 2006 to 2018 by GM Korea (previously known as Daewoo)."
    },
    {
        "id": 5,
        "category": "SUV",
        "availability": "N",
        "brand": "Jeep",
        "model": "Cherokee",
        "model_year": 2016,
        "mileage": 13500,
        "fuel_type": "Petrol",
        "seats": 5,
        "price_per_day": 200,
        "description": "The Jeep Cherokee is a line of SUVs manufactured and marketed by Jeep over five generations."
    },
    {
        "id": 6,
        "category": "Sedan",
        "availability": "Y",
        "brand": "Honda",
        "model": "Civic",
        "model_year": 2018,
        "mileage": 19900,
        "fuel_type": "Petrol",
        "seats": 5,
        "price_per_day": 140,
        "description": "The Honda Civic is a series of automobiles manufactured by Honda since 1972."
    },
    {
        "id": 7,
        "category": "SUV",
        "availability": "Y",
        "brand": "Mercedes-Benz",
        "model": "GLC",
        "model_year": 2018,
        "mileage": 23000,
        "fuel_type": "Petrol",
        "seats": 5,
        "price_per_day": 180,
        "description": "The Mercedes-Benz GLC-Class (X253\/C253) is a compact luxury crossover SUV introduced in 2015 for the 2016 model year that replaces the GLK-Class."
    },
    {
        "id": 8,
        "category": "Wagon",
        "availability": "Y",
        "brand": "Volkswagen",
        "model": "Golf",
        "model_year": 2017,
        "mileage": 20000,
        "fuel_type": "CNG",
        "seats": 5,
        "price_per_day": 150,
        "description": "The Volkswagen Golf is a compact car\/small family car (C-segment) produced by the German automotive manufacturer Volkswagen since 1974."
    },
    {
        "id": 9,
        "category": "SUV",
        "availability": "N",
        "brand": "Suzuki",
        "model": "Jimny",
        "model_year": 2018,
        "mileage": 9800,
        "fuel_type": "Petrol",
        "seats": 5,
        "price_per_day": 100,
        "description": "The Suzuki Jimny is a series of four-wheel drive off-road mini SUVs, manufactured and marketed by Japanese automaker Suzuki since 1970."
    },
    {
        "id": 10,
        "category": "Sedan",
        "availability": "Y",
        "brand": "Hyundai",
        "model": "Sonata",
        "model_year": 2019,
        "mileage": 10500,
        "fuel_type": "Petrol",
        "seats": 5,
        "price_per_day": 115,
        "description": "The Hyundai Sonata is a mid-size car that has been manufactured by Hyundai since 1985."
    }
]